player_name,primary_tour,dg_rank,dg_change,owgr_rank,owgr_change,dg_index
"Scheffler, Scottie",PGA Tour,1,0,1,0,2.975
"Rahm, Jon",LIV Golf,2,0,72,-4,2.053
"McIlroy, Rory",PGA Tour,3,1,2,0,2.041
"DeChambeau, Bryson",LIV Golf,4,-1,15,0,1.764
"Fleetwood, Tommy",PGA Tour,5,0,13,0,1.707
"Henley, Russell",PGA Tour,6,0,5,1,1.656
"Thomas, Justin",PGA Tour,7,0,4,0,1.596
"Schauffele, Xander",PGA Tour,8,6,3,0,1.522
"Bradley, Keegan",PGA Tour,9,3,7,0,1.452
"Straka, Sepp",PGA Tour,10,9,8,2,1.45
"Griffin, Ben",PGA Tour,11,2,16,1,1.425
"Hovland, Viktor",PGA Tour,12,6,11,1,1.417
"Cantlay, Patrick",PGA Tour,13,2,20,0,1.408
"Morikawa, Collin",PGA Tour,14,-6,6,-1,1.402
"Burns, Sam",PGA Tour,15,-4,22,-1,1.401
"Hatton, Tyrrell",LIV Golf,16,-7,23,-1,1.384
"Niemann, Joaquin",LIV Golf,17,-7,90,-2,1.369
"Conners, Corey",PGA Tour,18,-2,24,0,1.33
"Matsuyama, Hideki",PGA Tour,19,2,12,-1,1.262
"Spaun, J.J.",PGA Tour,20,-3,10,-2,1.247
"Aberg, Ludvig",PGA Tour,21,8,9,0,1.184
"Hall, Harry",PGA Tour,22,1,73,2,1.183
"Fitzpatrick, Matt",PGA Tour,23,10,59,18,1.178
"English, Harris",PGA Tour,24,0,19,0,1.155
"McNealy, Maverick",PGA Tour,25,0,17,-1,1.148
"MacIntyre, Robert",PGA Tour,26,-6,14,0,1.145
"Spieth, Jordan",PGA Tour,27,-5,47,1,1.145
"Day, Jason",PGA Tour,28,-2,30,-2,1.081
"Pendrith, Taylor",PGA Tour,29,3,35,4,1.073
"Lowry, Shane",PGA Tour,30,0,18,0,1.043
"Taylor, Nick",PGA Tour,31,3,29,1,1.02
"Greyserman, Max",PGA Tour,32,-5,33,-1,1.012
"Scott, Adam",PGA Tour,33,5,40,2,1.008
"Rai, Aaron",PGA Tour,34,-3,36,-2,0.994
"Reed, Patrick",LIV Golf,35,0,61,-4,0.954
"Gotterup, Chris",PGA Tour,36,22,49,109,0.951
"Kim, Si Woo",PGA Tour,37,2,63,-1,0.948
"McCarthy, Denny",PGA Tour,38,-10,43,-2,0.94
"Novak, Andrew",PGA Tour,39,3,31,4,0.932
"Berger, Daniel",PGA Tour,40,-3,34,-3,0.887
"Glover, Lucas",PGA Tour,41,-1,44,-1,0.843
"Fox, Ryan",PGA Tour,42,-6,32,-3,0.838
"Yu, Kevin",PGA Tour,43,3,66,1,0.803
"Poston, J.T.",PGA Tour,44,0,42,2,0.787
"Bhatia, Akshay",PGA Tour,45,0,38,-2,0.784
"Kim, Michael",PGA Tour,46,4,54,2,0.779
"Thompson, Davis",PGA Tour,47,2,64,-4,0.719
"Neergaard-Petersen, Rasmus",DP World Tour,48,0,88,-6,0.702
"Young, Cameron",PGA Tour,49,4,41,-1,0.687
"Munoz, Sebastian",LIV Golf,50,5,null,0,0.684
"Knapp, Jake",PGA Tour,51,11,82,4,0.683
"Noren, Alex",PGA Tour,52,-5,86,-5,0.68
"Puig, David",LIV Golf,53,-2,136,-7,0.674
"Cauley, Bud",PGA Tour,54,-2,56,3,0.666
"Harman, Brian",PGA Tour,55,1,26,0,0.654
"Bezuidenhout, Christiaan",PGA Tour,56,19,68,2,0.653
"Smith, Cameron",LIV Golf,57,4,202,-6,0.641
"Ortiz, Carlos",LIV Golf,58,-15,129,-8,0.64
"Stevens, Sam",PGA Tour,59,-18,70,-4,0.64
"Horschel, Billy",PGA Tour,60,-3,27,0,0.636
"Finau, Tony",PGA Tour,61,-2,45,0,0.623
"Hojgaard, Nicolai",PGA Tour,62,45,93,29,0.597
"Fowler, Rickie",PGA Tour,63,0,114,-4,0.591
"Clark, Wyndham",PGA Tour,64,28,28,5,0.58
"Whaley, Vince",PGA Tour,65,19,122,15,0.573
"Putnam, Andrew",PGA Tour,66,-2,140,-7,0.562
"Lee, Min Woo",PGA Tour,67,1,37,0,0.56
"Wallace, Matt",PGA Tour,68,3,95,-5,0.556
"Kitayama, Kurt",PGA Tour,69,1,100,0,0.545
"Kuchar, Matt",PGA Tour,70,2,134,-6,0.532
"McCarty, Matt",PGA Tour,71,18,51,2,0.53
"Tringale, Cameron",LIV Golf,72,9,null,0,0.526
"Thorbjornsen, Michael",PGA Tour,73,6,107,-1,0.525
"Hoge, Tom",PGA Tour,74,-14,52,-3,0.525
"Grillo, Emiliano",PGA Tour,75,-9,99,-7,0.522
"Olesen, Thorbjorn",PGA Tour,76,-7,96,-5,0.515
"Smith, Jordan",DP World Tour,77,17,89,0,0.514
"Bridgeman, Jacob",PGA Tour,78,-24,69,-4,0.511
"Smalley, Alex",PGA Tour,79,11,120,3,0.505
"Mitchell, Keith",PGA Tour,80,0,97,-2,0.487
"Im, Sungjae",PGA Tour,81,-5,25,0,0.474
"Coody, Pierceson",Korn Ferry Tour,82,14,128,2,0.473
"Perez, Victor",PGA Tour,83,12,105,-2,0.456
"Gerard, Ryan",PGA Tour,84,-19,75,-3,0.455
"McKibbin, Tom",LIV Golf,85,19,142,-3,0.447
"Koepka, Brooks",LIV Golf,86,-13,282,-6,0.441
"Koivun, Jackson",Amateur Events,87,16,485,0,0.439
"Gooch, Talor",LIV Golf,88,31,null,0,0.433
"Ancer, Abraham",LIV Golf,89,22,null,0,0.411
"Kim, Tom",PGA Tour,90,23,60,1,0.4
"Casey, Paul",LIV Golf,91,-8,null,0,0.392
"Roy, Kevin",PGA Tour,92,-25,126,-9,0.39
"Schmid, Matti",PGA Tour,93,25,78,1,0.386
"Hodges, Lee",PGA Tour,94,-17,115,-6,0.386
"Penge, Marco",DP World Tour,95,53,92,78,0.384
"Echavarria, Nico",PGA Tour,96,19,50,1,0.373
"Kirk, Chris",PGA Tour,97,0,67,-3,0.372
"Cole, Eric",PGA Tour,98,0,85,-2,0.371
"Zalatoris, Will",PGA Tour,99,0,109,-8,0.368
"Detry, Thomas",PGA Tour,100,-13,39,-1,0.364
"Herbert, Lucas",LIV Golf,101,-15,189,-1,0.363
"Hughes, Mackenzie",PGA Tour,102,-9,58,-4,0.354
"Rose, Justin",PGA Tour,103,43,21,2,0.349
"Jaeger, Stephan",PGA Tour,104,-3,62,-4,0.349
"Oosthuizen, Louis",LIV Golf,105,-23,396,-11,0.347
"Smotherman, Austin",Korn Ferry Tour,106,11,113,0,0.342
"Woodland, Gary",PGA Tour,107,-5,106,-4,0.325
"Vegas, Jhonattan",PGA Tour,108,1,55,-3,0.321
"An, Byeong Hun",PGA Tour,109,-31,48,-1,0.305
"Eckroat, Austin",PGA Tour,110,-2,77,-4,0.298
"Clanton, Luke",PGA Tour,111,-6,131,-5,0.295
"Garcia, Sergio",LIV Golf,112,8,467,-9,0.277
"Hubbard, Mark",PGA Tour,113,-39,118,-6,0.275
"Hossler, Beau",PGA Tour,114,11,110,-2,0.273
"Canter, Laurie",DP World Tour,115,15,71,-2,0.268
"Fishburn, Patrick",PGA Tour,116,17,119,8,0.259
"Moore, Taylor",PGA Tour,117,-17,112,-7,0.258
"Keefer, Johnny",Korn Ferry Tour,118,3,81,3,0.257
"Hojgaard, Rasmus",PGA Tour,119,-28,76,-2,0.253
"Laporta, Francesco",DP World Tour,120,2,201,5,0.253
"Leishman, Marc",LIV Golf,121,-36,446,-3,0.247
"Hoey, Rico",PGA Tour,122,-6,125,-5,0.238
"Rozner, Antoine",PGA Tour,123,18,148,1,0.23
"Norgaard, Niklas",PGA Tour,124,-12,117,-6,0.229
"Svensson, Jesper",PGA Tour,125,12,135,0,0.227
"Reitan, Kristoffer",DP World Tour,126,28,84,10,0.222
"Schwartzel, Charl",LIV Golf,127,-13,393,-5,0.21
"Ghim, Doug",PGA Tour,128,-5,132,-7,0.207
"Rodgers, Patrick",PGA Tour,129,-19,104,-5,0.207
"Valimaki, Sami",PGA Tour,130,-6,121,-5,0.206
"Burmester, Dean",LIV Golf,131,-43,221,-9,0.195
"Luiten, Joost",DP World Tour,132,-5,179,3,0.186
"Lahiri, Anirban",LIV Golf,133,-5,null,0,0.169
"Theegala, Sahith",PGA Tour,134,-5,46,0,0.163
"Pieters, Thomas",LIV Golf,135,-1,null,0,0.153
"Hisatsune, Ryo",PGA Tour,136,-30,98,-5,0.142
"Howell III, Charles",LIV Golf,137,2,null,0,0.126
"Johnson, Dustin",LIV Golf,138,13,null,0,0.126
"Bland, Richard",LIV Golf,139,4,null,0,0.114
"Van Rooyen, Erik",PGA Tour,140,-2,87,-2,0.09
"Homa, Max",PGA Tour,141,1,101,-3,0.075
"Campbell, Brian",PGA Tour,142,-16,57,-2,0.068
"Schaper, Jayden",DP World Tour,143,6,173,-1,0.057
"Kim, Chan",PGA Tour,144,18,156,-1,0.044
"Ryder, Sam",PGA Tour,145,-9,184,-7,0.042
"McGreevy, Max",PGA Tour,146,4,102,-6,0.037
"Meissner, Mitchell",Korn Ferry Tour,147,-15,232,-7,0.028
"Kim, S.H.",Korn Ferry Tour,148,12,141,-9,0.027
"Vincent, Scott",Other Tours,149,6,225,-6,0.02
"Lawrence, Thriston",PGA Tour,150,6,80,-2,0.014
"Norlander, Henrik",PGA Tour,151,-20,178,2,0.011
"Johnson, Zach",PGA Tour,152,5,187,-2,0.009
"Phillips, Chandler",PGA Tour,153,-6,164,-6,0.003
"Sullivan, Andy",DP World Tour,154,36,192,21,-0.006
"Cummins, Quade",PGA Tour,155,-11,235,-7,-0.014
"Li, Haotong",DP World Tour,156,-16,111,-4,-0.016
"Power, Seamus",PGA Tour,157,-22,150,-6,-0.019
"Ventura, Kris",PGA Tour,158,0,196,1,-0.023
"Manassero, Matteo",PGA Tour,159,-14,143,-7,-0.027
"Campillo, Jorge",DP World Tour,160,36,137,3,-0.033
"Simpson, Webb",PGA Tour,161,2,387,-8,-0.04
"Mouw, William",PGA Tour,162,55,124,93,-0.043
"Parry, John",DP World Tour,163,9,116,-1,-0.056
"Springer, Hayden",PGA Tour,164,17,163,1,-0.058
"Fisk, Steven",PGA Tour,165,6,166,2,-0.058
"Champ, Cameron",PGA Tour,166,16,266,9,-0.062
"Kanaya, Takumi",PGA Tour,167,-8,200,-5,-0.068
"Couvra, Martin",DP World Tour,168,-7,127,-9,-0.068
"Gonzalez, Emilio",Korn Ferry Tour,169,-1,227,-4,-0.074
"Dumont De Chassart, Adrien",Korn Ferry Tour,170,4,236,-2,-0.076
"Saddier, Adrien",DP World Tour,171,-19,139,-5,-0.079
"Ramey, Chad",PGA Tour,172,26,229,23,-0.08
"Jordan, Matthew",DP World Tour,173,-9,152,-4,-0.084
"Varner III, Harold",LIV Golf,174,-7,null,0,-0.086
"Ferguson, Ewen",DP World Tour,175,-6,151,-4,-0.093
"Watson, Bubba",LIV Golf,176,-6,null,0,-0.098
"Chacarra, Eugenio",DP World Tour,177,-11,147,-5,-0.107
"Nakajima, Keita",DP World Tour,178,5,138,-7,-0.111
"Kozuma, Jinichiro",Other Tours,179,10,null,0,-0.113
"Higgo, Garrick",PGA Tour,180,-7,145,-4,-0.114
"Castillo, Ricky",PGA Tour,181,5,224,5,-0.129
"Highsmith, Joe",PGA Tour,182,-29,74,-3,-0.131
"Pan, C.T.",PGA Tour,183,-8,194,-8,-0.135
"Shipley, Neal",Korn Ferry Tour,184,59,94,49,-0.161
"Brown, Daniel",DP World Tour,185,8,108,-4,-0.165
"Stone, Brandon",DP World Tour,186,-7,255,-6,-0.17
"List, Luke",PGA Tour,187,29,213,14,-0.18
"Lashley, Nate",PGA Tour,188,-1,228,-10,-0.182
"Kruyswijk, Jacques",DP World Tour,189,3,193,-4,-0.184
"Potgieter, Aldrich",PGA Tour,190,-13,53,-3,-0.187
"Bairstow, Sam",DP World Tour,191,6,188,3,-0.197
"Riley, Davis",PGA Tour,192,-12,65,-2,-0.198
"Young, Carson",PGA Tour,193,-28,153,-3,-0.202
"Hirata, Kensei",Korn Ferry Tour,194,-6,144,-6,-0.205
"Walker, Danny",PGA Tour,195,-17,209,-8,-0.212
"Kohles, Ben",PGA Tour,196,36,195,12,-0.217
"Rosenmueller, Thomas",PGA Tour,197,26,261,13,-0.22
"Hoffman, Charley",PGA Tour,198,1,149,-3,-0.221
"Steelman, Ross",Korn Ferry Tour,199,35,277,24,-0.223
"Schneider, Marcel",DP World Tour,200,-16,226,-6,-0.227
"Lebioda, Hank",Korn Ferry Tour,201,-16,159,-5,-0.228
"Meissner, Mac",PGA Tour,202,-8,182,-6,-0.23
"Soderberg, Sebastian",DP World Tour,203,36,162,4,-0.23
"Steele, Brendan",LIV Golf,204,9,null,0,-0.237
"Uihlein, Peter",LIV Golf,205,-10,177,-3,-0.258
"Grace, Branden",LIV Golf,206,41,null,0,-0.259
"Mansell, Richard",DP World Tour,207,47,157,6,-0.262
"Kokrak, Jason",LIV Golf,208,22,null,0,-0.266
"Paul, Jeremy",PGA Tour,209,-9,247,-12,-0.271
"Montgomery, Taylor",PGA Tour,210,38,232,27,-0.275
"Sigg, Greyson",PGA Tour,211,-7,248,-15,-0.277
"Martin, Ben",PGA Tour,212,9,328,7,-0.277
"Hoshino, Rikuya",PGA Tour,213,-7,258,-8,-0.279
"Hardy, Nick",PGA Tour,214,35,315,34,-0.281
"Ayora, Angel",DP World Tour,215,-14,217,-6,-0.285
"Bramlett, Joseph",PGA Tour,216,-25,250,-7,-0.29
"Cink, Stewart",PGA TOUR Champions,217,-10,null,0,-0.292
"Guerrier, Julien",DP World Tour,218,-4,176,-3,-0.293
"Dahmen, Joel",PGA Tour,219,-17,172,-1,-0.294
"Lee, Seung-taek",Korn Ferry Tour,220,-8,230,0,-0.303
"Salinda, Isaiah",PGA Tour,221,-45,185,-4,-0.309
"Garnett, Brice",PGA Tour,222,-14,214,-5,-0.314
"Hillier, Daniel",DP World Tour,223,-13,183,-4,-0.33
"Suber, Jackson",PGA Tour,224,2,180,3,-0.33
"Lindell, Oliver",DP World Tour,225,-6,291,-5,-0.331
"Svensson, Adam",PGA Tour,226,-23,215,-7,-0.334
"Bjork, Alexander",DP World Tour,227,-5,378,-11,-0.337
"Molinari, Edoardo",DP World Tour,228,-4,407,3,-0.339
"Ding, Wenyi",DP World Tour,229,11,325,9,-0.341
"Crowe, Trace",Korn Ferry Tour,230,-15,186,-3,-0.342
"Langasque, Romain",DP World Tour,231,13,146,-1,-0.343
"Snedeker, Brandt",PGA Tour,232,-23,300,-12,-0.347
"Peterson, Paul",PGA Tour,233,80,175,107,-0.354
"Holt, Ian",Korn Ferry Tour,234,17,292,16,-0.355
"Norris, Shaun",Other Tours,235,-30,103,-6,-0.356
"Hadwin, Adam",PGA Tour,236,-11,133,-9,-0.36
"Stout, Preston",Amateur Events,237,-4,null,0,-0.369
"Skinns, David",PGA Tour,238,56,222,55,-0.369
"Lower, Justin",PGA Tour,239,-11,130,-11,-0.372
"Silverman, Ben",PGA Tour,240,18,237,0,-0.379
"Tosti, Alejandro",PGA Tour,241,-12,160,-7,-0.38
"Laird, Martin",PGA Tour,242,10,294,-5,-0.388
"Davis, Cam",PGA Tour,243,-8,83,-3,-0.39
"Coussaud, Ugo",DP World Tour,244,38,240,11,-0.391
"Catlin, John",Other Tours,245,-8,158,-2,-0.393
"James, Ben",Amateur Events,246,-8,null,0,-0.396
"Meronk, Adrian",LIV Golf,247,12,359,-15,-0.398
"Griffin, Lanto",PGA Tour,248,-37,304,-8,-0.405
"Gordon, Will",PGA Tour,249,31,260,19,-0.406
"Bauchou, Zach",Korn Ferry Tour,250,45,295,27,-0.411
"Wu, Dylan",PGA Tour,251,-31,290,-6,-0.42
"Lewis, Bryce",Korn Ferry Tour,252,14,395,26,-0.422
"Blanchet, Chandler",Korn Ferry Tour,253,15,332,16,-0.425
"Dou, Zecheng",Korn Ferry Tour,254,18,368,16,-0.43
"Fitzpatrick, Alex",DP World Tour,255,-14,263,-7,-0.431
"Armitage, Marcus",DP World Tour,256,5,216,-1,-0.434
"Kobori, Kazuma",DP World Tour,257,-39,208,-8,-0.436
"LaCroix, Frederic",DP World Tour,258,-31,205,-12,-0.439
"Blair, Zac",PGA Tour,259,10,293,4,-0.441
"Robinson Thompson, Brandon",DP World Tour,260,-29,210,-6,-0.452
"Chatfield, Davis",Korn Ferry Tour,261,4,211,-1,-0.459
"Zanotti, Fabrizio",DP World Tour,262,-16,302,-7,-0.462
"Horsfield, Sam",LIV Golf,263,18,null,0,-0.465
"Alker, Steven",PGA TOUR Champions,264,-7,null,0,-0.468
"Schenk, Adam",PGA Tour,265,-9,170,-3,-0.477
"Kimsey, Nathan",DP World Tour,266,-6,null,0,-0.479
"Campbell, Ben",Other Tours,267,-22,231,-10,-0.483
"Ortiz, Alvaro",Korn Ferry Tour,268,-18,264,-3,-0.484
"Higgs, Harry",PGA Tour,269,28,154,-3,-0.485
"Winther, Jeff",DP World Tour,270,-7,279,-10,-0.493
"Van Tonder, Daniel",Other Tours,271,-7,181,-3,-0.497
"Von Dellingshausen, Nicolai",DP World Tour,272,-30,174,1,-0.498
"Lipsky, David",PGA Tour,273,31,155,-3,-0.502
"Cone, Trevor",PGA Tour,274,41,389,22,-0.504
"Clements, Todd",DP World Tour,275,8,380,-26,-0.52
"Veerman, Johannes",DP World Tour,276,-40,171,-2,-0.529
"Kaneko, Kota",Other Tours,277,-7,245,-1,-0.534
"Kaewkanjana, Sadom",Other Tours,278,-7,262,-5,-0.535
"Surratt, Caleb",LIV Golf,279,-6,391,-5,-0.54
"Higa, Kazuki",Other Tours,280,-5,287,-4,-0.541
"Horikawa, Mikumu",Other Tours,281,-3,341,-10,-0.545
"Ramsay, Richie",DP World Tour,282,-15,285,-5,-0.547
"Pavan, Andrea",DP World Tour,283,-9,310,-3,-0.549
"Vilips, Karl",PGA Tour,284,-29,123,-9,-0.551
"Noh, S.Y.",Korn Ferry Tour,285,-23,371,-3,-0.553
"Shelton, Robby",Korn Ferry Tour,286,-10,317,-6,-0.557
"Cantero Gutierrez, Ivan",DP World Tour,287,21,288,-1,-0.567
"Mullinax, Trey",PGA Tour,288,0,353,-6,-0.567
"Nyholm, Pontus",Korn Ferry Tour,289,-12,238,-6,-0.567
"Ok, Taehoon",Other Tours,290,1,198,-4,-0.576
"Goodwin, Noah",PGA Tour,291,-2,331,-3,-0.581
"McDowell, Graeme",LIV Golf,292,-7,null,0,-0.584
"Mickelson, Phil",LIV Golf,293,19,null,0,-0.587
"Summerhays, Daniel",Korn Ferry Tour,294,0,null,0,-0.588
"Valdes, Brendan",Amateur Events,295,-42,null,0,-0.589
"Hill, Calum",DP World Tour,296,-6,169,-4,-0.591
"Lee, Richard",Other Tours,297,-1,168,-6,-0.591
"Olesen, Jacob Skov",DP World Tour,298,-12,354,-2,-0.592
"Forrest, Grant",DP World Tour,299,66,278,25,-0.595
"Redman, Doc",Korn Ferry Tour,300,26,439,17,-0.599
"Pavon, Matthieu",PGA Tour,301,10,91,-4,-0.603
"Siem, Marcel",DP World Tour,302,60,220,21,-0.606
"Johnson, Michael",Korn Ferry Tour,303,24,416,26,-0.612
"Crocker, Sean",DP World Tour,304,-20,264,-4,-0.617
"Stricker, Steve",PGA TOUR Champions,305,0,null,0,-0.62
"Streelman, Kevin",PGA Tour,306,3,318,-9,-0.628
"Docherty, Alistair",Korn Ferry Tour,307,-4,274,-7,-0.631
"Taylor, Ben",Korn Ferry Tour,308,-29,388,-7,-0.631
"Smylie, Elvis",DP World Tour,309,68,204,12,-0.632
"Rozo, Marcelo",Korn Ferry Tour,310,8,419,6,-0.636
"Paul, Yannik",DP World Tour,311,53,246,9,-0.637
"Elvira, Manuel",DP World Tour,312,80,268,107,-0.638
"Na, Kevin",LIV Golf,313,-6,null,0,-0.645
"Bryan, Wesley",PGA Tour,314,0,324,-9,-0.647
"Tuten, Shad",Korn Ferry Tour,315,25,384,6,-0.654
"Kizzire, Patton",PGA Tour,316,-16,167,-6,-0.658
"Piercy, Scott",PGA Tour,317,52,432,54,-0.659
"Willett, Danny",PGA Tour,318,-26,303,-5,-0.66
"Hadley, Chesson",PGA Tour,319,-3,437,-15,-0.66
"Jones, Matt",LIV Golf,320,65,null,0,-0.666
"Smyth, Travis",Other Tours,321,0,333,-9,-0.667
"Lamb, Rick",Korn Ferry Tour,322,3,275,-3,-0.67
"Del Rey, Alejandro",DP World Tour,323,23,197,1,-0.675
"Hitt, Austin",Korn Ferry Tour,324,14,418,6,-0.675
"NeSmith, Matt",PGA Tour,325,43,326,7,-0.68
"Scott, Sandy",Korn Ferry Tour,326,24,344,12,-0.685
"Elvira Mijares, Ignacio",DP World Tour,327,-40,240,-9,-0.691
"Dunlap, Nick",PGA Tour,328,0,79,-3,-0.692
"Molinari, Francesco",PGA Tour,329,4,null,0,-0.693
"Syme, Connor",DP World Tour,330,-11,161,-4,-0.695
"Lee, K.H.",PGA Tour,331,-2,244,-6,-0.696
"Lamprecht, Christo",Korn Ferry Tour,332,22,259,7,-0.697
"Kinoshita, Ryosuke",Other Tours,333,-3,314,-4,-0.698
"Ford, David",Amateur Events,334,-11,null,0,-0.701
"Brennan, Michael",Other Tours,335,-3,451,9,-0.702
"Duncan, Tyler",Korn Ferry Tour,336,-34,365,-2,-0.707
"Jimenez, Miguel Angel",PGA TOUR Champions,337,-38,null,0,-0.72
"Cockerill, Aaron",DP World Tour,338,-16,336,-9,-0.724
"Menante, Dylan",Korn Ferry Tour,339,-46,431,1,-0.729
"Whitney, Tom",Korn Ferry Tour,340,5,475,6,-0.73
"Pak, John",PGA Tour,341,-43,276,-8,-0.741
"Ravetto, David",DP World Tour,342,11,249,-13,-0.742
"Wolff, Matthew",LIV Golf,343,-2,null,0,-0.743
"Dantorp, Jens",DP World Tour,344,-13,357,-4,-0.745
"Scrivener, Jason",DP World Tour,345,-21,334,-8,-0.746
"Russell, Miles",Amateur Events,346,-12,null,0,-0.747
"Gilligan, Ian",Amateur Events,347,-41,null,0,-0.749
"Phillips, Trent",Korn Ferry Tour,348,1,424,7,-0.751
"Lemke, Niklas",DP World Tour,349,-5,444,-3,-0.76
"Maichon, Phichaksn",Amateur Events,350,22,null,0,-0.76
"Bradbury, Dan",DP World Tour,351,-31,203,-4,-0.765
"La Sasso, Michael",Amateur Events,352,-4,null,0,-0.768
"Halvorsen, Andreas",DP World Tour,353,-17,373,-2,-0.771
"Kaymer, Martin",LIV Golf,354,2,null,0,-0.776
"Stenson, Henrik",LIV Golf,355,-12,null,0,-0.776
"Winstead, Trey",Korn Ferry Tour,356,-39,298,-5,-0.779
"Teater, Josh",Korn Ferry Tour,357,25,313,4,-0.783
"Vincent, Kieran",Other Tours,358,-7,362,0,-0.783
"Villegas, Camilo",PGA Tour,359,-1,311,-5,-0.796
"Tabuena, Miguel",Other Tours,360,-1,363,-2,-0.8
"Dossey, Cooper",Korn Ferry Tour,361,71,452,0,-0.8
"Tway, Kevin",PGA Tour,362,-2,338,-1,-0.805
"Wu, Ashun",DP World Tour,363,-24,251,-6,-0.806
"Shogenji, Tatsunori",Other Tours,364,-3,190,0,-0.807
"Bryant, Davis",DP World Tour,365,-23,370,4,-0.809
"Widing, Tim",PGA Tour,366,-31,289,-8,-0.814
"Wiesberger, Bernd",DP World Tour,367,-12,273,-8,-0.815
"Katsuragawa, Yuto",DP World Tour,368,-67,270,-8,-0.821
"Imahira, Shugo",Other Tours,369,2,256,-8,-0.834
"Yonezawa, Ren",Other Tours,370,3,242,0,-0.836
"Norrman, Vincent",PGA Tour,371,3,461,-25,-0.837
"Aphibarnrat, Kiradech",DP World Tour,372,-62,329,-9,-0.841
"Gomez, Fabian",Korn Ferry Tour,373,6,null,0,-0.842
"Harrington, Padraig",PGA TOUR Champions,374,19,null,0,-0.845
"Senior, Jack",DP World Tour,375,29,376,2,-0.848
"Suh, Justin",Korn Ferry Tour,376,-29,253,-14,-0.861
"Galletti, Nicolo",Korn Ferry Tour,377,28,382,5,-0.87
"Otaegui, Adrian",DP World Tour,378,-41,308,-6,-0.871
"Kieffer, Max",DP World Tour,379,4,474,4,-0.873
"Brown, Blades",Korn Ferry Tour,380,-5,null,0,-0.877
"Waring, Paul",PGA Tour,381,34,165,-5,-0.878
"Alexander, Tyson",Korn Ferry Tour,382,-30,360,0,-0.878
"Xiong, Norman",PGA Tour,383,3,496,-12,-0.887
"Song, Younghan",Other Tours,384,3,305,-5,-0.889
"Malnati, Peter",PGA Tour,385,69,219,3,-0.893
"Migliozzi, Guido",DP World Tour,386,-20,207,-5,-0.897
"Dougherty, Kevin",Korn Ferry Tour,387,109,386,0,-0.899
"Tarren, Callum",DP World Tour,388,40,448,17,-0.906
"Dean, Joe",DP World Tour,389,6,191,-4,-0.908
"Creighton, Myles",Korn Ferry Tour,390,-27,239,-13,-0.914
"Reavie, Chez",PGA Tour,391,12,null,0,-0.914
"Maguire, Jack",Korn Ferry Tour,392,4,473,1,-0.915
"Van Paris, Jackson",Amateur Events,393,-26,null,0,-0.919
"Bacha, Carson",Amateur Events,394,41,null,0,-0.919
"Sordet, Clement",DP World Tour,395,4,null,0,-0.932
"VanDerLaan, John",Korn Ferry Tour,396,62,null,0,-0.934
"Law, David",Challenge Tour,397,66,300,118,-0.935
"Van Driel, Darius",DP World Tour,398,-20,254,-7,-0.939
"Steinlechner, Maximilian",Challenge Tour,399,45,223,23,-0.94
"Nunez, Augusto",Korn Ferry Tour,400,14,null,0,-0.95
"Kho, Taichi",Other Tours,401,5,405,-6,-0.952
"McAllister, Logan",Korn Ferry Tour,402,0,307,-3,-0.953
"Luck, Curtis",Korn Ferry Tour,403,6,483,-10,-0.955
"Walsh, Thomas",Korn Ferry Tour,404,-16,null,0,-0.958
"Zhou, Yanhan",Other Tours,405,6,470,-7,-0.96
"Hebert, Benjamin",DP World Tour,406,6,459,-7,-0.961
"Knox, Russell",Korn Ferry Tour,407,-9,347,-7,-0.963
"Lamb, Davis",Other Tours,408,58,364,107,-0.966
"Gandon, Jeremy",Korn Ferry Tour,409,34,252,2,-0.968
"Gabrelcik, Nick",Korn Ferry Tour,410,8,417,-5,-0.971
"Gouveia, Ricardo",DP World Tour,411,-27,369,-3,-0.973
"Semikawa, Taiga",Other Tours,412,4,309,-4,-0.976
"Shinkwin, Callum",DP World Tour,413,-19,null,0,-0.981
"Vaillant, Tom",DP World Tour,414,-44,403,-10,-0.983
"Kim, Minkyu",Other Tours,415,4,272,-9,-0.988
"Premlall, Yurav",Other Tours,416,4,null,0,-0.99
"Ritchie, JC",Challenge Tour,417,-36,427,-8,-0.992
"Del Solar, Cristobal",PGA Tour,418,-5,323,-4,-0.992
"Weiler, Joe",Korn Ferry Tour,419,6,420,3,-0.993
"Kinhult, Marcus",DP World Tour,420,-23,297,-7,-0.995
"Ballester, Jose Luis",Amateur Events,421,31,null,0,-1
"Kawamoto, Riki",Other Tours,422,1,441,-2,-1.001
"Cabrera Bello, Rafa",DP World Tour,423,-32,null,0,-1.003
"Jamieson, Scott",DP World Tour,424,-67,346,-7,-1.015
"Fang, Ethan",Amateur Events,425,2,null,0,-1.016
"Anderson, Matthew",Korn Ferry Tour,426,-50,327,-2,-1.017
"Suri, Julian",Korn Ferry Tour,427,-20,435,-6,-1.017
"Sherwood, Cole",Korn Ferry Tour,428,-20,352,-6,-1.017
"Onishi, Kaito",PGA Tour,429,-3,409,-5,-1.023
"Shimizu, Taisei",Other Tours,430,1,271,-7,-1.023
"Fischer, Zack",Korn Ferry Tour,431,67,null,0,-1.029
"Capan III, Frankie",PGA Tour,432,38,218,-4,-1.034
"Frittelli, Dylan",DP World Tour,433,-4,356,-5,-1.034
"Riedel, Matthew",PGA Tour,434,-17,443,-4,-1.036
"Larrazabal, Pablo",DP World Tour,435,-34,316,-4,-1.042
"Schmidt, Ben",DP World Tour,436,2,500,-5,-1.054
"Vogel, T.J.",Korn Ferry Tour,437,0,null,0,-1.055
"Morrison, Tommy",Amateur Events,438,1,null,0,-1.056
"Snyman, Ian",Other Tours,439,1,471,-9,-1.056
"Purcell, Conor",DP World Tour,440,34,350,8,-1.057
"Green, Gavin",DP World Tour,441,-41,375,-3,-1.058
"Ishizaka, Tomohiro",Other Tours,442,-1,null,0,-1.059
"Voke, Nick",Other Tours,443,-1,480,-4,-1.06
"Nemecz, Lukas",Challenge Tour,444,4,468,-1,-1.061
"Walker, Euan",Challenge Tour,445,-9,null,0,-1.062
"McCormick, Ryan",Korn Ferry Tour,446,-24,398,-1,-1.062
"Jarvis, Casey",DP World Tour,447,-23,381,-4,-1.066
"Gilbert, Josiah",Amateur Events,448,-3,null,0,-1.067
"Dickson, Taylor",PGA Tour,449,-60,267,-9,-1.069
"Lagergren, Joakim",DP World Tour,450,-3,206,-1,-1.072
"Lee, Chieh-Po",LIV Golf,451,14,358,-3,-1.073
"Velo, Kevin",PGA Tour,452,-22,455,-9,-1.075
"Shore, Davis",Korn Ferry Tour,453,-63,345,-13,-1.076
"Sloan, Roger",Korn Ferry Tour,454,34,null,0,-1.079
"Kang, Jeffrey",Korn Ferry Tour,455,-75,430,-17,-1.079
"Westwood, Lee",LIV Golf,456,11,null,0,-1.08
"Broomhead, Jonothan",Other Tours,457,-7,400,-4,-1.081
"Cannon, Will",Korn Ferry Tour,458,-12,478,-3,-1.081
"Buckley, Hayden",PGA Tour,459,-25,401,-10,-1.084
"Young, Daniel",Challenge Tour,460,-7,472,-8,-1.086
"Schott, Freddy",DP World Tour,461,-5,440,-7,-1.088
"Mazzoli, Stefano",Challenge Tour,462,-41,402,-2,-1.093
"VanArragon, Caleb",Korn Ferry Tour,463,27,null,0,-1.099
"Pepperell, Eddie",DP World Tour,464,-5,null,0,-1.1
"Rottluff, Max",DP World Tour,465,-4,null,0,-1.104
"Thornberry, Braden",PGA Tour,466,-29,377,-1,-1.105
"Lindheim, Nicholas",PGA Tour,467,-5,null,0,-1.107
"Williams, Robin",DP World Tour,468,-4,281,-8,-1.109
"Poulter, Ian",LIV Golf,469,8,null,0,-1.113
"Donald, Luke",DP World Tour,470,6,null,0,-1.115
"Wilson, Andrew",DP World Tour,471,-16,433,-6,-1.115
"Lee, Sang-hee",Other Tours,472,-4,489,-6,-1.119
"Hahn, James",PGA Tour,473,20,null,0,-1.12
"Knowles, Philip",PGA Tour,474,-5,422,-5,-1.121
"Campos, Rafael",PGA Tour,475,9,243,-4,-1.125
"Hidalgo Portillo, Angel",DP World Tour,476,-43,257,-4,-1.13
"Micheluzzi, David",DP World Tour,477,-6,280,-9,-1.13
"Iwata, Hiroshi",Other Tours,478,-6,330,-7,-1.135
"Paratore, Renato",Challenge Tour,479,0,269,0,-1.135
"Merritt, Troy",PGA Tour,480,-2,385,-3,-1.136
"Schniederjans, Ollie",Korn Ferry Tour,481,-8,340,-11,-1.137
"Els, Ernie",PGA TOUR Champions,482,-31,null,0,-1.14
"Vrzich, Joey",Other Tours,483,0,null,0,-1.144
"Brown, Hamish",DP World Tour,484,-9,306,-7,-1.151
"Southgate, Matthew",DP World Tour,485,-5,410,-7,-1.16
"Chandler, Will",PGA Tour,486,0,284,0,-1.163
"Simpson, Lance",Amateur Events,487,0,null,0,-1.163
"Sciot-Siegrist, Robin",Challenge Tour,488,-31,null,0,-1.172
"Levy, Alexander",DP World Tour,489,0,490,0,-1.173
"Ogiso, Takashi",Other Tours,490,-8,423,-7,-1.174
"Ogletree, Andy",LIV Golf,491,0,null,0,-1.174
"Chappell, Kevin",PGA Tour,492,-11,456,-7,-1.174
"Summy, Jase",Amateur Events,493,-4,null,0,-1.184
"Hillier, Harry",Korn Ferry Tour,494,3,408,-3,-1.186
"Furr, Wilson",Korn Ferry Tour,495,0,null,0,-1.188
"Fichardt, Darren",DP World Tour,496,-4,null,0,-1.195
"Hale Jr, Blaine",Korn Ferry Tour,497,0,337,0,-1.201
"Burgoon, Bronson",PGA Tour,498,0,null,0,-1.202
"Nienaber, Wilco",DP World Tour,499,-39,374,-5,-1.202
"Creel, Joshua",Korn Ferry Tour,500,-17,null,0,-1.204
